"fft1","fft2","fft3","fft4","fft5","fft6","fft7","fft8","fft9","fft10","fft11","fft12","fft13","fft14","fft15"
0.0260035530825218,0.0318876235597653,0.0564165137622336,0.118587750528868,0.284001813999202,0.37202457411674,0.0483099835493894,0.0138808540796334,0.00715756553828824,0.00551549147974622,0.00559932051232869,0.00604784279376222,0.0053634827572023,0.00422588095356366,0.00379105204287406
